[{
    "shortName": "Afganistán",
    "officialName": "la República Islámica del Afganistán",
    "ISO3": "AFG",
    "ISO2": "AF",
    "UNI": 4,
    "UNDP": "AFG",
    "FAOSTAT": 2,
    "GAUL": 1
}, {
    "shortName": "Albania",
    "officialName": "la República de Albania",
    "ISO3": "ALB",
    "ISO2": "AL",
    "UNI": 8,
    "UNDP": "ALB",
    "FAOSTAT": 3,
    "GAUL": 3
}, {
    "shortName": "Alemania",
    "officialName": "la República Federal de Alemania",
    "ISO3": "DEU",
    "ISO2": "DE",
    "UNI": 276,
    "UNDP": "DEU",
    "FAOSTAT": 79,
    "GAUL": 93
}, {
    "shortName": "Andorra",
    "officialName": "el Principado de Andorra",
    "ISO3": "AND",
    "ISO2": "AD",
    "UNI": 20,
    "UNDP": "AND",
    "FAOSTAT": 6,
    "GAUL": 7
}, {
    "shortName": "Angola",
    "officialName": "la República de Angola",
    "ISO3": "AGO",
    "ISO2": "AO",
    "UNI": 24,
    "UNDP": "AGO",
    "FAOSTAT": 7,
    "GAUL": 8
}, {
    "shortName": "Antigua y Barbuda",
    "officialName": "Antigua y Barbuda",
    "ISO3": "ATG",
    "ISO2": "AG",
    "UNI": 28,
    "UNDP": "ATG",
    "FAOSTAT": 8,
    "GAUL": 11
}, {
    "shortName": "Arabia Saudita",
    "officialName": "el Reino de la Arabia Saudita",
    "ISO3": "SAU",
    "ISO2": "SA",
    "UNI": 682,
    "UNDP": "SAU",
    "FAOSTAT": 194,
    "GAUL": 215
}, {
    "shortName": "Argelia",
    "officialName": "la República Argelina Democrática y Popular",
    "ISO3": "DZA",
    "ISO2": "DZ",
    "UNI": 12,
    "UNDP": "DZA",
    "FAOSTAT": 4,
    "GAUL": 4
}, {
    "shortName": "Argentina",
    "officialName": "la República Argentina",
    "ISO3": "ARG",
    "ISO2": "AR",
    "UNI": 32,
    "UNDP": "ARG",
    "FAOSTAT": 9,
    "GAUL": 12
}, {
    "shortName": "Armenia",
    "officialName": "la República de Armenia",
    "ISO3": "ARM",
    "ISO2": "AM",
    "UNI": 51,
    "UNDP": "ARM",
    "FAOSTAT": 1,
    "GAUL": 13
}, {
    "shortName": "Australia",
    "officialName": "Australia",
    "ISO3": "AUS",
    "ISO2": "AU",
    "UNI": 36,
    "UNDP": "AUS",
    "FAOSTAT": 10,
    "GAUL": 17
}, {
    "shortName": "Austria",
    "officialName": "la República de Austria",
    "ISO3": "AUT",
    "ISO2": "AT",
    "UNI": 40,
    "UNDP": "AUT",
    "FAOSTAT": 11,
    "GAUL": 18
}, {
    "shortName": "Azerbaiyán",
    "officialName": "la República de Azerbaiyán",
    "ISO3": "AZE",
    "ISO2": "AZ",
    "UNI": 31,
    "UNDP": "AZE",
    "FAOSTAT": 52,
    "GAUL": 19
}, {
    "shortName": "Bahamas",
    "officialName": "el Commonwealth de las Bahamas",
    "ISO3": "BHS",
    "ISO2": "BS",
    "UNI": 44,
    "UNDP": "BHS",
    "FAOSTAT": 12,
    "GAUL": 20
}, {
    "shortName": "Bahrein",
    "officialName": "el Reino de Bahrein",
    "ISO3": "BHR",
    "ISO2": "BH",
    "UNI": 48,
    "UNDP": "BHR",
    "FAOSTAT": 13,
    "GAUL": 21
}, {
    "shortName": "Bangladesh",
    "officialName": "la República Popular de Bangladesh",
    "ISO3": "BGD",
    "ISO2": "BD",
    "UNI": 50,
    "UNDP": "BGD",
    "FAOSTAT": 16,
    "GAUL": 23
}, {
    "shortName": "Barbados",
    "officialName": "Barbados",
    "ISO3": "BRB",
    "ISO2": "BB",
    "UNI": 52,
    "UNDP": "BRB",
    "FAOSTAT": 14,
    "GAUL": 24
}, {
    "shortName": "Belarús",
    "officialName": "la República de Belarús",
    "ISO3": "BLR",
    "ISO2": "BY",
    "UNI": 112,
    "UNDP": "BLR",
    "FAOSTAT": 57,
    "GAUL": 26
}, {
    "shortName": "Belice",
    "officialName": "Belice",
    "ISO3": "BLZ",
    "ISO2": "BZ",
    "UNI": 84,
    "UNDP": "BLZ",
    "FAOSTAT": 23,
    "GAUL": 28
}, {
    "shortName": "Benin",
    "officialName": "la República de Benin",
    "ISO3": "BEN",
    "ISO2": "BJ",
    "UNI": 204,
    "UNDP": "BEN",
    "FAOSTAT": 53,
    "GAUL": 29
}, {
    "shortName": "Bhután",
    "officialName": "el Reino de Bhután",
    "ISO3": "BTN",
    "ISO2": "BT",
    "UNI": 64,
    "UNDP": "BTN",
    "FAOSTAT": 18,
    "GAUL": 31
}, {
    "shortName": "Bolivia (Estado Plurinacional de)",
    "officialName": "Estado Plurinacional de Bolivia",
    "ISO3": "BOL",
    "ISO2": "BO",
    "UNI": 68,
    "UNDP": "BOL",
    "FAOSTAT": 19,
    "GAUL": 33
}, {
    "shortName": "Bosnia y Herzegovina",
    "officialName": "Bosnia y Herzegovina",
    "ISO3": "BIH",
    "ISO2": "BA",
    "UNI": 70,
    "UNDP": "BIH",
    "FAOSTAT": 80,
    "GAUL": 34
}, {
    "shortName": "Botswana",
    "officialName": "la República de Botswana",
    "ISO3": "BWA",
    "ISO2": "BW",
    "UNI": 72,
    "UNDP": "BWA",
    "FAOSTAT": 20,
    "GAUL": 35
}, {
    "shortName": "Brasil",
    "officialName": "la República Federativa del Brasil",
    "ISO3": "BRA",
    "ISO2": "BR",
    "UNI": 76,
    "UNDP": "BRA",
    "FAOSTAT": 21,
    "GAUL": 37
}, {
    "shortName": "Brunei Darussalam",
    "officialName": "Brunei Darussalam",
    "ISO3": "BRN",
    "ISO2": "BN",
    "UNI": 96,
    "UNDP": "BRN",
    "FAOSTAT": 26,
    "GAUL": 40
}, {
    "shortName": "Bulgaria",
    "officialName": "la República de Bulgaria",
    "ISO3": "BGR",
    "ISO2": "BG",
    "UNI": 100,
    "UNDP": "BGR",
    "FAOSTAT": 27,
    "GAUL": 41
}, {
    "shortName": "Burkina Faso",
    "officialName": "Burkina Faso",
    "ISO3": "BFA",
    "ISO2": "BF",
    "UNI": 854,
    "UNDP": "BFA",
    "FAOSTAT": 233,
    "GAUL": 42
}, {
    "shortName": "Burundi",
    "officialName": "la República de Burundi",
    "ISO3": "BDI",
    "ISO2": "BI",
    "UNI": 108,
    "UNDP": "BDI",
    "FAOSTAT": 29,
    "GAUL": 43
}, {
    "shortName": "Bélgica",
    "officialName": "el Reino de Bélgica",
    "ISO3": "BEL",
    "ISO2": "BE",
    "UNI": 56,
    "UNDP": "BEL",
    "FAOSTAT": 255,
    "GAUL": 27
}, {
    "shortName": "Cabo Verde",
    "officialName": "la República de Cabo Verde",
    "ISO3": "CPV",
    "ISO2": "CV",
    "UNI": 132,
    "UNDP": "CPV",
    "FAOSTAT": 35,
    "GAUL": 47
}, {
    "shortName": "Camboya",
    "officialName": "el Reino de Camboya",
    "ISO3": "KHM",
    "ISO2": "KH",
    "UNI": 116,
    "UNDP": "KHM",
    "FAOSTAT": 115,
    "GAUL": 44
}, {
    "shortName": "Camerún",
    "officialName": "la República del Camerún",
    "ISO3": "CMR",
    "ISO2": "CM",
    "UNI": 120,
    "UNDP": "CMR",
    "FAOSTAT": 32,
    "GAUL": 45
}, {
    "shortName": "Canadá",
    "officialName": "el Canadá",
    "ISO3": "CAN",
    "ISO2": "CA",
    "UNI": 124,
    "UNDP": "CAN",
    "FAOSTAT": 33,
    "GAUL": 46
}, {
    "shortName": "Chad",
    "officialName": "la República del Chad",
    "ISO3": "TCD",
    "ISO2": "TD",
    "UNI": 148,
    "UNDP": "TCD",
    "FAOSTAT": 39,
    "GAUL": 50
}, {
    "shortName": "Chequia",
    "officialName": "la República Checa",
    "ISO3": "CZE",
    "ISO2": "CZ",
    "UNI": 203,
    "UNDP": "CZE",
    "FAOSTAT": 167,
    "GAUL": 65
}, {
    "shortName": "Chile",
    "officialName": "la República de Chile",
    "ISO3": "CHL",
    "ISO2": "CL",
    "UNI": 152,
    "UNDP": "CHL",
    "FAOSTAT": 40,
    "GAUL": 51
}, {
    "shortName": "China",
    "officialName": "la República Popular China",
    "ISO3": "CHN",
    "ISO2": "CN",
    "UNI": 156,
    "UNDP": "CHN",
    "FAOSTAT": 41,
    "GAUL": 53
}, {
    "shortName": "Chipre",
    "officialName": "la República de Chipre",
    "ISO3": "CYP",
    "ISO2": "CY",
    "UNI": 196,
    "UNDP": "CYP",
    "FAOSTAT": 50,
    "GAUL": 64
}, {
    "shortName": "Colombia",
    "officialName": "la República de Colombia",
    "ISO3": "COL",
    "ISO2": "CO",
    "UNI": 170,
    "UNDP": "COL",
    "FAOSTAT": 44,
    "GAUL": 57
}, {
    "shortName": "Comoras",
    "officialName": "la Unión de las Comoras",
    "ISO3": "COM",
    "ISO2": "KM",
    "UNI": 174,
    "UNDP": "COM",
    "FAOSTAT": 45,
    "GAUL": 58
}, {
    "shortName": "Congo",
    "officialName": "la República del Congo",
    "ISO3": "COG",
    "ISO2": "CG",
    "UNI": 178,
    "UNDP": "COG",
    "FAOSTAT": 46,
    "GAUL": 59
}, {
    "shortName": "Costa Rica",
    "officialName": "la República de Costa Rica",
    "ISO3": "CRI",
    "ISO2": "CR",
    "UNI": 188,
    "UNDP": "CRI",
    "FAOSTAT": 48,
    "GAUL": 61
}, {
    "shortName": "Croacia",
    "officialName": "la República de Croacia",
    "ISO3": "HRV",
    "ISO2": "HR",
    "UNI": 191,
    "UNDP": "HRV",
    "FAOSTAT": 98,
    "GAUL": 62
}, {
    "shortName": "Cuba",
    "officialName": "la República de Cuba",
    "ISO3": "CUB",
    "ISO2": "CU",
    "UNI": 192,
    "UNDP": "CUB",
    "FAOSTAT": 49,
    "GAUL": 63
}, {
    "shortName": "Côte d'Ivoire",
    "officialName": "la República de Côte d'Ivoire",
    "ISO3": "CIV",
    "ISO2": "CI",
    "UNI": 384,
    "UNDP": "CIV",
    "FAOSTAT": 107,
    "GAUL": 66
}, {
    "shortName": "Dinamarca",
    "officialName": "el Reino de Dinamarca",
    "ISO3": "DNK",
    "ISO2": "DK",
    "UNI": 208,
    "UNDP": "DNK",
    "FAOSTAT": 54,
    "GAUL": 69
}, {
    "shortName": "Djibouti",
    "officialName": "la República de Djibouti",
    "ISO3": "DJI",
    "ISO2": "DJ",
    "UNI": 262,
    "UNDP": "DJI",
    "FAOSTAT": 72,
    "GAUL": 70
}, {
    "shortName": "Dominica",
    "officialName": "el Commonwealth de Dominica",
    "ISO3": "DMA",
    "ISO2": "DM",
    "UNI": 212,
    "UNDP": "DMA",
    "FAOSTAT": 55,
    "GAUL": 71
}, {
    "shortName": "Ecuador",
    "officialName": "la República del Ecuador",
    "ISO3": "ECU",
    "ISO2": "EC",
    "UNI": 218,
    "UNDP": "ECU",
    "FAOSTAT": 58,
    "GAUL": 73
}, {
    "shortName": "Egipto",
    "officialName": "la República Árabe de Egipto",
    "ISO3": "EGY",
    "ISO2": "EG",
    "UNI": 818,
    "UNDP": "EGY",
    "FAOSTAT": 59,
    "GAUL": 40765
}, {
    "shortName": "El Salvador",
    "officialName": "la República de El Salvador",
    "ISO3": "SLV",
    "ISO2": "SV",
    "UNI": 222,
    "UNDP": "SLV",
    "FAOSTAT": 60,
    "GAUL": 75
}, {
    "shortName": "Emiratos Árabes Unidos",
    "officialName": "los Emiratos Árabes Unidos",
    "ISO3": "ARE",
    "ISO2": "AE",
    "UNI": 784,
    "UNDP": "ARE",
    "FAOSTAT": 225,
    "GAUL": 255
}, {
    "shortName": "Eritrea",
    "officialName": "el Estado de Eritrea",
    "ISO3": "ERI",
    "ISO2": "ER",
    "UNI": 232,
    "UNDP": "ERI",
    "FAOSTAT": 178,
    "GAUL": 77
}, {
    "shortName": "Eslovaquia",
    "officialName": "la República Eslovaca",
    "ISO3": "SVK",
    "ISO2": "SK",
    "UNI": 703,
    "UNDP": "SVK",
    "FAOSTAT": 199,
    "GAUL": 223
}, {
    "shortName": "Eslovenia",
    "officialName": "la República de Eslovenia",
    "ISO3": "SVN",
    "ISO2": "SI",
    "UNI": 705,
    "UNDP": "SVN",
    "FAOSTAT": 198,
    "GAUL": 224
}, {
    "shortName": "España",
    "officialName": "el Reino de España",
    "ISO3": "ESP",
    "ISO2": "ES",
    "UNI": 724,
    "UNDP": "ESP",
    "FAOSTAT": 203,
    "GAUL": 229
}, {
    "shortName": "Estados Unidos de América",
    "officialName": "los Estados Unidos de América",
    "ISO3": "USA",
    "ISO2": "US",
    "UNI": 840,
    "UNDP": "USA",
    "FAOSTAT": 231,
    "GAUL": 259
}, {
    "shortName": "Estonia",
    "officialName": "la República de Estonia",
    "ISO3": "EST",
    "ISO2": "EE",
    "UNI": 233,
    "UNDP": "EST",
    "FAOSTAT": 63,
    "GAUL": 78
}, {
    "shortName": "Eswatini",
    "officialName": "el Reino de Eswatini",
    "ISO3": "SWZ",
    "ISO2": "SZ",
    "UNI": 748,
    "UNDP": "SWZ",
    "FAOSTAT": 209,
    "GAUL": 235
}, {
    "shortName": "Etiopía",
    "officialName": "la República Democrática Federal de Etiopía",
    "ISO3": "ETH",
    "ISO2": "ET",
    "UNI": 231,
    "UNDP": "ETH",
    "FAOSTAT": 238,
    "GAUL": 79
}, {
    "shortName": "Federación de Rusia",
    "officialName": "la Federación de Rusia",
    "ISO3": "RUS",
    "ISO2": "RU",
    "UNI": 643,
    "UNDP": "RUS",
    "FAOSTAT": 185,
    "GAUL": 204
}, {
    "shortName": "Fiji",
    "officialName": "la República de Fiji",
    "ISO3": "FJI",
    "ISO2": "FJ",
    "UNI": 242,
    "UNDP": "FJI",
    "FAOSTAT": 66,
    "GAUL": 83
}, {
    "shortName": "Filipinas",
    "officialName": "la República de Filipinas",
    "ISO3": "PHL",
    "ISO2": "PH",
    "UNI": 608,
    "UNDP": "PHL",
    "FAOSTAT": 171,
    "GAUL": 196
}, {
    "shortName": "Finlandia",
    "officialName": "la República de Finlandia",
    "ISO3": "FIN",
    "ISO2": "FI",
    "UNI": 246,
    "UNDP": "FIN",
    "FAOSTAT": 67,
    "GAUL": 84
}, {
    "shortName": "Francia",
    "officialName": "la República Francesa",
    "ISO3": "FRA",
    "ISO2": "FR",
    "UNI": 250,
    "UNDP": "FRA",
    "FAOSTAT": 68,
    "GAUL": 85
}, {
    "shortName": "Gabón",
    "officialName": "la República Gabonesa",
    "ISO3": "GAB",
    "ISO2": "GA",
    "UNI": 266,
    "UNDP": "GAB",
    "FAOSTAT": 74,
    "GAUL": 89
}, {
    "shortName": "Gambia",
    "officialName": "la República de Gambia",
    "ISO3": "GMB",
    "ISO2": "GM",
    "UNI": 270,
    "UNDP": "GMB",
    "FAOSTAT": 75,
    "GAUL": 90
}, {
    "shortName": "Georgia",
    "officialName": "Georgia",
    "ISO3": "GEO",
    "ISO2": "GE",
    "UNI": 268,
    "UNDP": "GEO",
    "FAOSTAT": 73,
    "GAUL": 92
}, {
    "shortName": "Ghana",
    "officialName": "la República de Ghana",
    "ISO3": "GHA",
    "ISO2": "GH",
    "UNI": 288,
    "UNDP": "GHA",
    "FAOSTAT": 81,
    "GAUL": 94
}, {
    "shortName": "Granada",
    "officialName": "Granada",
    "ISO3": "GRD",
    "ISO2": "GD",
    "UNI": 308,
    "UNDP": "GRD",
    "FAOSTAT": 86,
    "GAUL": 99
}, {
    "shortName": "Grecia",
    "officialName": "la República Helénica",
    "ISO3": "GRC",
    "ISO2": "GR",
    "UNI": 300,
    "UNDP": "GRC",
    "FAOSTAT": 84,
    "GAUL": 97
}, {
    "shortName": "Guatemala",
    "officialName": "la República de Guatemala",
    "ISO3": "GTM",
    "ISO2": "GT",
    "UNI": 320,
    "UNDP": "GTM",
    "FAOSTAT": 89,
    "GAUL": 103
}, {
    "shortName": "Guinea",
    "officialName": "la República de Guinea",
    "ISO3": "GIN",
    "ISO2": "GN",
    "UNI": 324,
    "UNDP": "GIN",
    "FAOSTAT": 90,
    "GAUL": 106
}, {
    "shortName": "Guinea Ecuatorial",
    "officialName": "la República de Guinea Ecuatorial",
    "ISO3": "GNQ",
    "ISO2": "GQ",
    "UNI": 226,
    "UNDP": "GNQ",
    "FAOSTAT": 61,
    "GAUL": 76
}, {
    "shortName": "Guinea-Bissau",
    "officialName": "la República de Guinea-Bissau",
    "ISO3": "GNB",
    "ISO2": "GW",
    "UNI": 624,
    "UNDP": "GNB",
    "FAOSTAT": 175,
    "GAUL": 105
}, {
    "shortName": "Guyana",
    "officialName": "la República Cooperativa de Guyana",
    "ISO3": "GUY",
    "ISO2": "GY",
    "UNI": 328,
    "UNDP": "GUY",
    "FAOSTAT": 91,
    "GAUL": 107
}, {
    "shortName": "Haití",
    "officialName": "la República de Haití",
    "ISO3": "HTI",
    "ISO2": "HT",
    "UNI": 332,
    "UNDP": "HTI",
    "FAOSTAT": 93,
    "GAUL": 108
}, {
    "shortName": "Honduras",
    "officialName": "la República de Honduras",
    "ISO3": "HND",
    "ISO2": "HN",
    "UNI": 340,
    "UNDP": "HND",
    "FAOSTAT": 95,
    "GAUL": 111
}, {
    "shortName": "Hungría",
    "officialName": "Hungría",
    "ISO3": "HUN",
    "ISO2": "HU",
    "UNI": 348,
    "UNDP": "HUN",
    "FAOSTAT": 97,
    "GAUL": 113
}, {
    "shortName": "India",
    "officialName": "la República de la India",
    "ISO3": "IND",
    "ISO2": "IN",
    "UNI": 356,
    "UNDP": "IND",
    "FAOSTAT": 100,
    "GAUL": 115
}, {
    "shortName": "Indonesia",
    "officialName": "la República de Indonesia",
    "ISO3": "IDN",
    "ISO2": "ID",
    "UNI": 360,
    "UNDP": "IDN",
    "FAOSTAT": 101,
    "GAUL": 116
}, {
    "shortName": "Iraq",
    "officialName": "la República del Iraq",
    "ISO3": "IRQ",
    "ISO2": "IQ",
    "UNI": 368,
    "UNDP": "IRQ",
    "FAOSTAT": 103,
    "GAUL": 118
}, {
    "shortName": "Irlanda",
    "officialName": "Irlanda",
    "ISO3": "IRL",
    "ISO2": "IE",
    "UNI": 372,
    "UNDP": "IRL",
    "FAOSTAT": 104,
    "GAUL": 119
}, {
    "shortName": "Irán (República Islámica del)",
    "officialName": "la República Islámica del Irán",
    "ISO3": "IRN",
    "ISO2": "IR",
    "UNI": 364,
    "UNDP": "IRN",
    "FAOSTAT": 102,
    "GAUL": 117
}, {
    "shortName": "Islandia",
    "officialName": "la República de Islandia",
    "ISO3": "ISL",
    "ISO2": "IS",
    "UNI": 352,
    "UNDP": "ISL",
    "FAOSTAT": 99,
    "GAUL": 114
}, {
    "shortName": "Islas Cook",
    "officialName": "las Islas Cook",
    "ISO3": "COK",
    "ISO2": "CK",
    "UNI": 184,
    "UNDP": "COK",
    "FAOSTAT": 47,
    "GAUL": 60
}, {
    "shortName": "Islas Feroe",
    "officialName": "las Islas Feroe",
    "ISO3": "FRO",
    "ISO2": "FO",
    "UNI": 234,
    "UNDP": "FRO",
    "FAOSTAT": 64,
    "GAUL": 82
}, {
    "shortName": "Islas Marshall",
    "officialName": "la República de las Islas Marshall",
    "ISO3": "MHL",
    "ISO2": "MH",
    "UNI": 584,
    "UNDP": "MHL",
    "FAOSTAT": 127,
    "GAUL": 157
}, {
    "shortName": "Islas Salomón",
    "officialName": "las Islas Salomón",
    "ISO3": "SLB",
    "ISO2": "SB",
    "UNI": 90,
    "UNDP": "SLB",
    "FAOSTAT": 25,
    "GAUL": 225
}, {
    "shortName": "Israel",
    "officialName": "el Estado de Israel",
    "ISO3": "ISR",
    "ISO2": "IL",
    "UNI": 376,
    "UNDP": "ISR",
    "FAOSTAT": 105,
    "GAUL": 121
}, {
    "shortName": "Italia",
    "officialName": "la República Italiana",
    "ISO3": "ITA",
    "ISO2": "IT",
    "UNI": 380,
    "UNDP": "ITA",
    "FAOSTAT": 106,
    "GAUL": 122
}, {
    "shortName": "Jamaica",
    "officialName": "Jamaica",
    "ISO3": "JAM",
    "ISO2": "JM",
    "UNI": 388,
    "UNDP": "JAM",
    "FAOSTAT": 109,
    "GAUL": 123
}, {
    "shortName": "Japón",
    "officialName": "el Japón",
    "ISO3": "JPN",
    "ISO2": "JP",
    "UNI": 392,
    "UNDP": "JPN",
    "FAOSTAT": 110,
    "GAUL": 126
}, {
    "shortName": "Jordania",
    "officialName": "el Reino Hachemita de Jordania",
    "ISO3": "JOR",
    "ISO2": "JO",
    "UNI": 400,
    "UNDP": "JOR",
    "FAOSTAT": 112,
    "GAUL": 130
}, {
    "shortName": "Kazajstán",
    "officialName": "la República de Kazajstán",
    "ISO3": "KAZ",
    "ISO2": "KZ",
    "UNI": 398,
    "UNDP": "KAZ",
    "FAOSTAT": 108,
    "GAUL": 132
}, {
    "shortName": "Kenya",
    "officialName": "la República de Kenya",
    "ISO3": "KEN",
    "ISO2": "KE",
    "UNI": 404,
    "UNDP": "KEN",
    "FAOSTAT": 114,
    "GAUL": 133
}, {
    "shortName": "Kirguistán",
    "officialName": "la República Kirguisa",
    "ISO3": "KGZ",
    "ISO2": "KG",
    "UNI": 417,
    "UNDP": "KGZ",
    "FAOSTAT": 113,
    "GAUL": 138
}, {
    "shortName": "Kiribati",
    "officialName": "la República de Kiribati",
    "ISO3": "KIR",
    "ISO2": "KI",
    "UNI": 296,
    "UNDP": "KIR",
    "FAOSTAT": 83,
    "GAUL": 135
}, {
    "shortName": "Kuwait",
    "officialName": "el Estado de Kuwait",
    "ISO3": "KWT",
    "ISO2": "KW",
    "UNI": 414,
    "UNDP": "KWT",
    "FAOSTAT": 118,
    "GAUL": 137
}, {
    "shortName": "Lesotho",
    "officialName": "el Reino de Lesotho",
    "ISO3": "LSO",
    "ISO2": "LS",
    "UNI": 426,
    "UNDP": "LSO",
    "FAOSTAT": 122,
    "GAUL": 142
}, {
    "shortName": "Letonia",
    "officialName": "la República de Letonia",
    "ISO3": "LVA",
    "ISO2": "LV",
    "UNI": 428,
    "UNDP": "LVA",
    "FAOSTAT": 119,
    "GAUL": 140
}, {
    "shortName": "Liberia",
    "officialName": "la República de Liberia",
    "ISO3": "LBR",
    "ISO2": "LR",
    "UNI": 430,
    "UNDP": "LBR",
    "FAOSTAT": 123,
    "GAUL": 144
}, {
    "shortName": "Libia",
    "officialName": "el Estado de Libia",
    "ISO3": "LBY",
    "ISO2": "LY",
    "UNI": 434,
    "UNDP": "LBY",
    "FAOSTAT": 124,
    "GAUL": 145
}, {
    "shortName": "Lituania",
    "officialName": "la República de Lituania",
    "ISO3": "LTU",
    "ISO2": "LT",
    "UNI": 440,
    "UNDP": "LTU",
    "FAOSTAT": 126,
    "GAUL": 147
}, {
    "shortName": "Luxemburgo",
    "officialName": "el Gran Ducado de Luxemburgo",
    "ISO3": "LUX",
    "ISO2": "LU",
    "UNI": 442,
    "UNDP": "LUX",
    "FAOSTAT": 256,
    "GAUL": 148
}, {
    "shortName": "Líbano",
    "officialName": "la República libanesa",
    "ISO3": "LBN",
    "ISO2": "LB",
    "UNI": 422,
    "UNDP": "LBN",
    "FAOSTAT": 121,
    "GAUL": 141
}, {
    "shortName": "Macedonia del Norte",
    "officialName": "la República de Macedonia del Norte",
    "ISO3": "MKD",
    "ISO2": "MK",
    "UNI": 807,
    "UNDP": "MKD",
    "FAOSTAT": 154,
    "GAUL": 241
}, {
    "shortName": "Madagascar",
    "officialName": "la República de Madagascar",
    "ISO3": "MDG",
    "ISO2": "MG",
    "UNI": 450,
    "UNDP": "MDG",
    "FAOSTAT": 129,
    "GAUL": 150
}, {
    "shortName": "Malasia",
    "officialName": "Malasia",
    "ISO3": "MYS",
    "ISO2": "MY",
    "UNI": 458,
    "UNDP": "MYS",
    "FAOSTAT": 131,
    "GAUL": 153
}, {
    "shortName": "Malawi",
    "officialName": "la República de Malawi",
    "ISO3": "MWI",
    "ISO2": "MW",
    "UNI": 454,
    "UNDP": "MWI",
    "FAOSTAT": 130,
    "GAUL": 152
}, {
    "shortName": "Maldivas",
    "officialName": "la República de Maldivas",
    "ISO3": "MDV",
    "ISO2": "MV",
    "UNI": 462,
    "UNDP": "MDV",
    "FAOSTAT": 132,
    "GAUL": 154
}, {
    "shortName": "Malta",
    "officialName": "la República de Malta",
    "ISO3": "MLT",
    "ISO2": "MT",
    "UNI": 470,
    "UNDP": "MLT",
    "FAOSTAT": 134,
    "GAUL": 156
}, {
    "shortName": "Malí",
    "officialName": "la República de Malí",
    "ISO3": "MLI",
    "ISO2": "ML",
    "UNI": 466,
    "UNDP": "MLI",
    "FAOSTAT": 133,
    "GAUL": 155
}, {
    "shortName": "Marruecos",
    "officialName": "el Reino de Marruecos",
    "ISO3": "MAR",
    "ISO2": "MA",
    "UNI": 504,
    "UNDP": "MAR",
    "FAOSTAT": 143,
    "GAUL": 169
}, {
    "shortName": "Mauricio",
    "officialName": "la República de Mauricio",
    "ISO3": "MUS",
    "ISO2": "MU",
    "UNI": 480,
    "UNDP": "MUS",
    "FAOSTAT": 137,
    "GAUL": 160
}, {
    "shortName": "Mauritania",
    "officialName": "la República Islámica de Mauritania",
    "ISO3": "MRT",
    "ISO2": "MR",
    "UNI": 478,
    "UNDP": "MRT",
    "FAOSTAT": 136,
    "GAUL": 159
}, {
    "shortName": "Micronesia (Estados Federados de)",
    "officialName": "los Estados Federados de Micronesia",
    "ISO3": "FSM",
    "ISO2": "FM",
    "UNI": 583,
    "UNDP": "FSM",
    "FAOSTAT": 145,
    "GAUL": 163
}, {
    "shortName": "Mongolia",
    "officialName": "Mongolia",
    "ISO3": "MNG",
    "ISO2": "MN",
    "UNI": 496,
    "UNDP": "MNG",
    "FAOSTAT": 141,
    "GAUL": 167
}, {
    "shortName": "Montenegro",
    "officialName": "Montenegro",
    "ISO3": "MNE",
    "ISO2": "ME",
    "UNI": 499,
    "UNDP": "MNE",
    "FAOSTAT": 273,
    "GAUL": 2647
}, {
    "shortName": "Mozambique",
    "officialName": "la República de Mozambique",
    "ISO3": "MOZ",
    "ISO2": "MZ",
    "UNI": 508,
    "UNDP": "MOZ",
    "FAOSTAT": 144,
    "GAUL": 170
}, {
    "shortName": "Myanmar",
    "officialName": "la República de la Unión de Myanmar",
    "ISO3": "MMR",
    "ISO2": "MM",
    "UNI": 104,
    "UNDP": "MMR",
    "FAOSTAT": 28,
    "GAUL": 171
}, {
    "shortName": "México",
    "officialName": "los Estados Unidos Mexicanos",
    "ISO3": "MEX",
    "ISO2": "MX",
    "UNI": 484,
    "UNDP": "MEX",
    "FAOSTAT": 138,
    "GAUL": 162
}, {
    "shortName": "Mónaco",
    "officialName": "el Principado de Mónaco",
    "ISO3": "MCO",
    "ISO2": "MC",
    "UNI": 492,
    "UNDP": "MCO",
    "FAOSTAT": 140,
    "GAUL": 166
}, {
    "shortName": "Namibia",
    "officialName": "la República de Namibia",
    "ISO3": "NAM",
    "ISO2": "NA",
    "UNI": 516,
    "UNDP": "NAM",
    "FAOSTAT": 147,
    "GAUL": 172
}, {
    "shortName": "Nauru",
    "officialName": "la República de Nauru",
    "ISO3": "NRU",
    "ISO2": "NR",
    "UNI": 520,
    "UNDP": "NRU",
    "FAOSTAT": 148,
    "GAUL": 173
}, {
    "shortName": "Nepal",
    "officialName": "la República Democrática Federal de Nepal",
    "ISO3": "NPL",
    "ISO2": "NP",
    "UNI": 524,
    "UNDP": "NPL",
    "FAOSTAT": 149,
    "GAUL": 175
}, {
    "shortName": "Nicaragua",
    "officialName": "la República de Nicaragua",
    "ISO3": "NIC",
    "ISO2": "NI",
    "UNI": 558,
    "UNDP": "NIC",
    "FAOSTAT": 157,
    "GAUL": 180
}, {
    "shortName": "Nigeria",
    "officialName": "la República Federal de Nigeria",
    "ISO3": "NGA",
    "ISO2": "NG",
    "UNI": 566,
    "UNDP": "NGA",
    "FAOSTAT": 159,
    "GAUL": 182
}, {
    "shortName": "Niue",
    "officialName": "Niue",
    "ISO3": "NIU",
    "ISO2": "NU",
    "UNI": 570,
    "UNDP": "NIU",
    "FAOSTAT": 160,
    "GAUL": 183
}, {
    "shortName": "Noruega",
    "officialName": "el Reino de Noruega",
    "ISO3": "NOR",
    "ISO2": "NO",
    "UNI": 578,
    "UNDP": "NOR",
    "FAOSTAT": 162,
    "GAUL": 186
}, {
    "shortName": "Nueva Zelandia",
    "officialName": "Nueva Zelandia",
    "ISO3": "NZL",
    "ISO2": "NZ",
    "UNI": 554,
    "UNDP": "NZL",
    "FAOSTAT": 156,
    "GAUL": 179
}, {
    "shortName": "Níger",
    "officialName": "la República del Níger",
    "ISO3": "NER",
    "ISO2": "NE",
    "UNI": 562,
    "UNDP": "NER",
    "FAOSTAT": 158,
    "GAUL": 181
}, {
    "shortName": "Omán",
    "officialName": "la Sultanía de Omán",
    "ISO3": "OMN",
    "ISO2": "OM",
    "UNI": 512,
    "UNDP": "OMN",
    "FAOSTAT": 221,
    "GAUL": 187
}, {
    "shortName": "Pakistán",
    "officialName": "la República Islámica del Pakistán",
    "ISO3": "PAK",
    "ISO2": "PK",
    "UNI": 586,
    "UNDP": "PAK",
    "FAOSTAT": 165,
    "GAUL": 188
}, {
    "shortName": "Palau",
    "officialName": "la República de Palau",
    "ISO3": "PLW",
    "ISO2": "PW",
    "UNI": 585,
    "UNDP": "PLW",
    "FAOSTAT": 180,
    "GAUL": 189
}, {
    "shortName": "Panamá",
    "officialName": "la República de Panamá",
    "ISO3": "PAN",
    "ISO2": "PA",
    "UNI": 591,
    "UNDP": "PAN",
    "FAOSTAT": 166,
    "GAUL": 191
}, {
    "shortName": "Papua Nueva Guinea",
    "officialName": "Estado Independiente de Papua Nueva Guinea",
    "ISO3": "PNG",
    "ISO2": "PG",
    "UNI": 598,
    "UNDP": "PNG",
    "FAOSTAT": 168,
    "GAUL": 192
}, {
    "shortName": "Paraguay",
    "officialName": "la República del Paraguay",
    "ISO3": "PRY",
    "ISO2": "PY",
    "UNI": 600,
    "UNDP": "PRY",
    "FAOSTAT": 169,
    "GAUL": 194
}, {
    "shortName": "Países Bajos",
    "officialName": "el Reino de los Países Bajos",
    "ISO3": "NLD",
    "ISO2": "NL",
    "UNI": 528,
    "UNDP": "NLD",
    "FAOSTAT": 150,
    "GAUL": 177
}, {
    "shortName": "Perú",
    "officialName": "la República del Perú",
    "ISO3": "PER",
    "ISO2": "PE",
    "UNI": 604,
    "UNDP": "PER",
    "FAOSTAT": 170,
    "GAUL": 195
}, {
    "shortName": "Polonia",
    "officialName": "la República de Polonia",
    "ISO3": "POL",
    "ISO2": "PL",
    "UNI": 616,
    "UNDP": "POL",
    "FAOSTAT": 173,
    "GAUL": 198
}, {
    "shortName": "Portugal",
    "officialName": "la República Portuguesa",
    "ISO3": "PRT",
    "ISO2": "PT",
    "UNI": 620,
    "UNDP": "PRT",
    "FAOSTAT": 174,
    "GAUL": 199
}, {
    "shortName": "Qatar",
    "officialName": "el Estado de Qatar",
    "ISO3": "QAT",
    "ISO2": "QA",
    "UNI": 634,
    "UNDP": "QAT",
    "FAOSTAT": 179,
    "GAUL": 201
}, {
    "shortName": "Reino Unido de Gran Bretaña e Irlanda del Norte",
    "officialName": "el Reino Unido (de Gran Bretaña e Irlanda del Norte)",
    "ISO3": "GBR",
    "ISO2": "GB",
    "UNI": 826,
    "UNDP": "GBR",
    "FAOSTAT": 229,
    "GAUL": 256
}, {
    "shortName": "República Centroafricana",
    "officialName": "la República Centroafricana",
    "ISO3": "CAF",
    "ISO2": "CF",
    "UNI": 140,
    "UNDP": "CAF",
    "FAOSTAT": 37,
    "GAUL": 49
}, {
    "shortName": "República Democrática Popular Lao",
    "officialName": "la República Democrática Popular Lao",
    "ISO3": "LAO",
    "ISO2": "LA",
    "UNI": 418,
    "UNDP": "LAO",
    "FAOSTAT": 120,
    "GAUL": 139
}, {
    "shortName": "República Democrática del Congo",
    "officialName": "la República Democrática del Congo",
    "ISO3": "COD",
    "ISO2": "CD",
    "UNI": 180,
    "UNDP": "COD",
    "FAOSTAT": 250,
    "GAUL": 68
}, {
    "shortName": "República Dominicana",
    "officialName": "la República Dominicana",
    "ISO3": "DOM",
    "ISO2": "DO",
    "UNI": 214,
    "UNDP": "DOM",
    "FAOSTAT": 56,
    "GAUL": 72
}, {
    "shortName": "República Popular Democrática de Corea",
    "officialName": "la República Popular Democrática de Corea",
    "ISO3": "PRK",
    "ISO2": "KP",
    "UNI": 408,
    "UNDP": "PRK",
    "FAOSTAT": 116,
    "GAUL": 67
}, {
    "shortName": "República Unida de Tanzanía",
    "officialName": "la República Unida de Tanzanía",
    "ISO3": "TZA",
    "ISO2": "TZ",
    "UNI": 834,
    "UNDP": "TZA",
    "FAOSTAT": 215,
    "GAUL": 257
}, {
    "shortName": "República de Corea",
    "officialName": "la República de Corea",
    "ISO3": "KOR",
    "ISO2": "KR",
    "UNI": 410,
    "UNDP": "KOR",
    "FAOSTAT": 117,
    "GAUL": 202
}, {
    "shortName": "República de Moldova",
    "officialName": "la República de Moldova",
    "ISO3": "MDA",
    "ISO2": "MD",
    "UNI": 498,
    "UNDP": "MDA",
    "FAOSTAT": 146,
    "GAUL": 165
}, {
    "shortName": "República Árabe Siria",
    "officialName": "la República Árabe Siria",
    "ISO3": "SYR",
    "ISO2": "SY",
    "UNI": 760,
    "UNDP": "SYR",
    "FAOSTAT": 212,
    "GAUL": 238
}, {
    "shortName": "Rumania",
    "officialName": "Rumania",
    "ISO3": "ROU",
    "ISO2": "RO",
    "UNI": 642,
    "UNDP": "ROU",
    "FAOSTAT": 183,
    "GAUL": 203
}, {
    "shortName": "Rwanda",
    "officialName": "la República de Rwanda",
    "ISO3": "RWA",
    "ISO2": "RW",
    "UNI": 646,
    "UNDP": "RWA",
    "FAOSTAT": 184,
    "GAUL": 205
}, {
    "shortName": "Saint Kitts y Nevis",
    "officialName": "Saint Kitts y Nevis",
    "ISO3": "KNA",
    "ISO2": "KN",
    "UNI": 659,
    "UNDP": "KNA",
    "FAOSTAT": 188,
    "GAUL": 208
}, {
    "shortName": "Samoa",
    "officialName": "el Estado Independiente de Samoa",
    "ISO3": "WSM",
    "ISO2": "WS",
    "UNI": 882,
    "UNDP": "WSM",
    "FAOSTAT": 244,
    "GAUL": 212
}, {
    "shortName": "San Marino",
    "officialName": "la República de San Marino",
    "ISO3": "SMR",
    "ISO2": "SM",
    "UNI": 674,
    "UNDP": "SMR",
    "FAOSTAT": 192,
    "GAUL": 213
}, {
    "shortName": "San Vicente y las Granadinas",
    "officialName": "San Vicente y las Granadinas",
    "ISO3": "VCT",
    "ISO2": "VC",
    "UNI": 670,
    "UNDP": "VCT",
    "FAOSTAT": 191,
    "GAUL": 211
}, {
    "shortName": "Santa Lucía",
    "officialName": "Santa Lucía",
    "ISO3": "LCA",
    "ISO2": "LC",
    "UNI": 662,
    "UNDP": "LCA",
    "FAOSTAT": 189,
    "GAUL": 209
}, {
    "shortName": "Santo Tomé y Príncipe",
    "officialName": "la República Democrática de Santo Tomé y Príncipe",
    "ISO3": "STP",
    "ISO2": "ST",
    "UNI": 678,
    "UNDP": "STP",
    "FAOSTAT": 193,
    "GAUL": 214
}, {
    "shortName": "Senegal",
    "officialName": "la República del Senegal",
    "ISO3": "SEN",
    "ISO2": "SN",
    "UNI": 686,
    "UNDP": "SEN",
    "FAOSTAT": 195,
    "GAUL": 217
}, {
    "shortName": "Serbia",
    "officialName": "la República de Serbia",
    "ISO3": "SRB",
    "ISO2": "RS",
    "UNI": 688,
    "UNDP": "SRB",
    "FAOSTAT": 272,
    "GAUL": 2648
}, {
    "shortName": "Seychelles",
    "officialName": "la República de Seychelles",
    "ISO3": "SYC",
    "ISO2": "SC",
    "UNI": 690,
    "UNDP": "SYC",
    "FAOSTAT": 196,
    "GAUL": 220
}, {
    "shortName": "Sierra Leona",
    "officialName": "la República de Sierra Leona",
    "ISO3": "SLE",
    "ISO2": "SL",
    "UNI": 694,
    "UNDP": "SLE",
    "FAOSTAT": 197,
    "GAUL": 221
}, {
    "shortName": "Singapur",
    "officialName": "la República de Singapur",
    "ISO3": "SGP",
    "ISO2": "SG",
    "UNI": 702,
    "UNDP": "SGP",
    "FAOSTAT": 200,
    "GAUL": 222
}, {
    "shortName": "Somalia",
    "officialName": "la República Federal de Somalia",
    "ISO3": "SOM",
    "ISO2": "SO",
    "UNI": 706,
    "UNDP": "SOM",
    "FAOSTAT": 201,
    "GAUL": 226
}, {
    "shortName": "Sri Lanka",
    "officialName": "la República Socialista Democrática de Sri Lanka",
    "ISO3": "LKA",
    "ISO2": "LK",
    "UNI": 144,
    "UNDP": "LKA",
    "FAOSTAT": 38,
    "GAUL": 231
}, {
    "shortName": "Sudáfrica",
    "officialName": "la República de Sudáfrica",
    "ISO3": "ZAF",
    "ISO2": "ZA",
    "UNI": 710,
    "UNDP": "ZAF",
    "FAOSTAT": 202,
    "GAUL": 227
}, {
    "shortName": "Sudán",
    "officialName": "la República del Sudán",
    "ISO3": "SDN",
    "ISO2": "SD",
    "UNI": 729,
    "UNDP": "SDN",
    "FAOSTAT": 276,
    "GAUL": 40764
}, {
    "shortName": "Sudán del Sur",
    "officialName": "la República de Sudán del Sur",
    "ISO3": "SSD",
    "ISO2": "SS",
    "UNI": 728,
    "UNDP": "SSD",
    "FAOSTAT": 277,
    "GAUL": 74
}, {
    "shortName": "Suecia",
    "officialName": "el Reino de Suecia",
    "ISO3": "SWE",
    "ISO2": "SE",
    "UNI": 752,
    "UNDP": "SWE",
    "FAOSTAT": 210,
    "GAUL": 236
}, {
    "shortName": "Suiza",
    "officialName": "la Confederación Suiza",
    "ISO3": "CHE",
    "ISO2": "CH",
    "UNI": 756,
    "UNDP": "CHE",
    "FAOSTAT": 211,
    "GAUL": 237
}, {
    "shortName": "Suriname",
    "officialName": "la República de Suriname",
    "ISO3": "SUR",
    "ISO2": "SR",
    "UNI": 740,
    "UNDP": "SUR",
    "FAOSTAT": 207,
    "GAUL": 233
}, {
    "shortName": "Tailandia",
    "officialName": "el Reino de Tailandia",
    "ISO3": "THA",
    "ISO2": "TH",
    "UNI": 764,
    "UNDP": "THA",
    "FAOSTAT": 216,
    "GAUL": 240
}, {
    "shortName": "Tayikistán",
    "officialName": "la República de Tayikistán",
    "ISO3": "TJK",
    "ISO2": "TJ",
    "UNI": 762,
    "UNDP": "TJK",
    "FAOSTAT": 208,
    "GAUL": 239
}, {
    "shortName": "Timor-Leste",
    "officialName": "la República Democrática de Timor-Leste",
    "ISO3": "TLS",
    "ISO2": "TL",
    "UNI": 626,
    "UNDP": "TLS",
    "FAOSTAT": 176,
    "GAUL": 242
}, {
    "shortName": "Togo",
    "officialName": "la República Togolesa",
    "ISO3": "TGO",
    "ISO2": "TG",
    "UNI": 768,
    "UNDP": "TGO",
    "FAOSTAT": 217,
    "GAUL": 243
}, {
    "shortName": "Tokelau",
    "officialName": "Tokelau",
    "ISO3": "TKL",
    "ISO2": "TK",
    "UNI": 772,
    "UNDP": "TKL",
    "FAOSTAT": 218,
    "GAUL": 244
}, {
    "shortName": "Tonga",
    "officialName": "el Reino de Tonga",
    "ISO3": "TON",
    "ISO2": "TO",
    "UNI": 776,
    "UNDP": "TON",
    "FAOSTAT": 219,
    "GAUL": 245
}, {
    "shortName": "Trinidad y Tabago",
    "officialName": "la República de Trinidad y Tabago",
    "ISO3": "TTO",
    "ISO2": "TT",
    "UNI": 780,
    "UNDP": "TTO",
    "FAOSTAT": 220,
    "GAUL": 246
}, {
    "shortName": "Turkmenistán",
    "officialName": "Turkmenistán",
    "ISO3": "TKM",
    "ISO2": "TM",
    "UNI": 795,
    "UNDP": "TKM",
    "FAOSTAT": 213,
    "GAUL": 250
}, {
    "shortName": "Turquía",
    "officialName": "la República de Turquía",
    "ISO3": "TUR",
    "ISO2": "TR",
    "UNI": 792,
    "UNDP": "TUR",
    "FAOSTAT": 223,
    "GAUL": 249
}, {
    "shortName": "Tuvalu",
    "officialName": "Tuvalu",
    "ISO3": "TUV",
    "ISO2": "TV",
    "UNI": 798,
    "UNDP": "TUV",
    "FAOSTAT": 227,
    "GAUL": 252
}, {
    "shortName": "Túnez",
    "officialName": "la República de Túnez",
    "ISO3": "TUN",
    "ISO2": "TN",
    "UNI": 788,
    "UNDP": "TUN",
    "FAOSTAT": 222,
    "GAUL": 248
}, {
    "shortName": "Ucrania",
    "officialName": "Ucrania",
    "ISO3": "UKR",
    "ISO2": "UA",
    "UNI": 804,
    "UNDP": "UKR",
    "FAOSTAT": 230,
    "GAUL": 254
}, {
    "shortName": "Uganda",
    "officialName": "la República de Uganda",
    "ISO3": "UGA",
    "ISO2": "UG",
    "UNI": 800,
    "UNDP": "UGA",
    "FAOSTAT": 226,
    "GAUL": 253
}, {
    "shortName": "Uruguay",
    "officialName": "la República Oriental del Uruguay",
    "ISO3": "URY",
    "ISO2": "UY",
    "UNI": 858,
    "UNDP": "URY",
    "FAOSTAT": 234,
    "GAUL": 260
}, {
    "shortName": "Uzbekistán",
    "officialName": "la República de Uzbekistán",
    "ISO3": "UZB",
    "ISO2": "UZ",
    "UNI": 860,
    "UNDP": "UZB",
    "FAOSTAT": 235,
    "GAUL": 261
}, {
    "shortName": "Vanuatu",
    "officialName": "la República de Vanuatu",
    "ISO3": "VUT",
    "ISO2": "VU",
    "UNI": 548,
    "UNDP": "VUT",
    "FAOSTAT": 155,
    "GAUL": 262
}, {
    "shortName": "Venezuela (República Bolivariana de)",
    "officialName": "la República Bolivariana de Venezuela",
    "ISO3": "VEN",
    "ISO2": "VE",
    "UNI": 862,
    "UNDP": "VEN",
    "FAOSTAT": 236,
    "GAUL": 263
}, {
    "shortName": "Viet Nam",
    "officialName": "la República Socialista de Viet Nam",
    "ISO3": "VNM",
    "ISO2": "VN",
    "UNI": 704,
    "UNDP": "VNM",
    "FAOSTAT": 237,
    "GAUL": 264
}, {
    "shortName": "Yemen",
    "officialName": "la República del Yemen",
    "ISO3": "YEM",
    "ISO2": "YE",
    "UNI": 887,
    "UNDP": "YEM",
    "FAOSTAT": 249,
    "GAUL": 269
}, {
    "shortName": "Zambia",
    "officialName": "la República de Zambia",
    "ISO3": "ZMB",
    "ISO2": "ZM",
    "UNI": 894,
    "UNDP": "ZMB",
    "FAOSTAT": 251,
    "GAUL": 270
}, {
    "shortName": "Zimbabwe",
    "officialName": "la República de Zimbabwe",
    "ISO3": "ZWE",
    "ISO2": "ZW",
    "UNI": 716,
    "UNDP": "ZWE",
    "FAOSTAT": 181,
    "GAUL": 271
}]